{
  "project_info": {
    "project_number": "393162439953",
    "project_id": "investopia-a92c4",
    "storage_bucket": "investopia-a92c4.appspot.com"
  },
  "client": [
    {
      "client_info": {
        "mobilesdk_app_id": "1:393162439953:android:a4de094daff81c3f6360b0",
        "android_client_info": {
          "package_name": "com.example.investopia"
        }
      },
      "oauth_client": [
        {
          "client_id": "393162439953-6b2en2f4biul32q1u33goj6rilr4iqng.apps.googleusercontent.com",
          "client_type": 3
        }
      ],
      "api_key": [
        {
          "current_key": "AIzaSyCGN55hlTB8EZgV-nhD-gv8Vf64mXWbNWE"
        }
      ],
      "services": {
        "appinvite_service": {
          "other_platform_oauth_client": [
            {
              "client_id": "393162439953-6b2en2f4biul32q1u33goj6rilr4iqng.apps.googleusercontent.com",
              "client_type": 3
            }
          ]
        }
      }
    }
  ],
  "configuration_version": "1"
}